Workbook

Sheet スタメン
B1: 6/1 5:10pm ET. | O1: 表記元 (MLB.JP/選手一覧)
B2: ペトコ・パーク | O2: http://www.mlb.jp/playerlist/
B3: ピッツバーグ・パイレーツ | H3: サンディエゴ・パドレス
C4: P | D4: 45 | E4: アンドリュー・ヒーニー | F4: L | I4: P | J4: 98 | K4: ランディ・バスケス | L4: R | O4: スタメンコピペ欄
B6: 1 | C6: =RIGHT(O6, LEN(O6)-SEARCH(")",O6)-1) -> SS | F6: =MID(O6,SEARCH("(",O6)+1,SEARCH(")",O6)-SEARCH("(",O6)-1) -> S | H6: 1 | I6: =RIGHT(P6, LEN(P6)-SEARCH(")",P6)-1) -> LF | L6: =MID(P6,SEARCH("(",P6)+1,SEARCH(")",P6)-SEARCH("(",P6)-1) -> L | O6: F Lindor (S) SS | P6: J Duran (L) LF
B7: 2 | C7: =RIGHT(O7, LEN(O7)-SEARCH(")",O7)-1) -> RF | F7: =MID(O7,SEARCH("(",O7)+1,SEARCH(")",O7)-SEARCH("(",O7)-1) -> L | H7: 2 | I7: =RIGHT(P7, LEN(P7)-SEARCH(")",P7)-1) -> DH | L7: =MID(P7,SEARCH("(",P7)+1,SEARCH(")",P7)-SEARCH("(",P7)-1) -> L | O7: J Soto (L) RF | P7: R Devers (L) DH
B8: 3 | C8: =RIGHT(O8, LEN(O8)-SEARCH(")",O8)-1) -> 1B | F8: =MID(O8,SEARCH("(",O8)+1,SEARCH(")",O8)-SEARCH("(",O8)-1) -> R | H8: 3 | I8: =RIGHT(P8, LEN(P8)-SEARCH(")",P8)-1) -> 3B | L8: =MID(P8,SEARCH("(",P8)+1,SEARCH(")",P8)-SEARCH("(",P8)-1) -> R | O8: P Alonso (R) 1B | P8: A Bregman (R) 3B
B9: 4 | C9: =RIGHT(O9, LEN(O9)-SEARCH(")",O9)-1) -> LF | F9: =MID(O9,SEARCH("(",O9)+1,SEARCH(")",O9)-SEARCH("(",O9)-1) -> L | H9: 4 | I9: =RIGHT(P9, LEN(P9)-SEARCH(")",P9)-1) -> RF | L9: =MID(P9,SEARCH("(",P9)+1,SEARCH(")",P9)-SEARCH("(",P9)-1) -> L | O9: B Nimmo (L) LF | P9: W Abreu (L) RF
B10: 5 | C10: =RIGHT(O10, LEN(O10)-SEARCH(")",O10)-1) -> DH | F10: =MID(O10,SEARCH("(",O10)+1,SEARCH(")",O10)-SEARCH("(",O10)-1) -> R | H10: 5 | I10: =RIGHT(P10, LEN(P10)-SEARCH(")",P10)-1) -> SS | L10: =MID(P10,SEARCH("(",P10)+1,SEARCH(")",P10)-SEARCH("(",P10)-1) -> R | O10: M Vientos (R) DH | P10: T Story (R) SS
B11: 6 | C11: =RIGHT(O11, LEN(O11)-SEARCH(")",O11)-1) -> 3B | F11: =MID(O11,SEARCH("(",O11)+1,SEARCH(")",O11)-SEARCH("(",O11)-1) -> L | H11: 6 | I11: =RIGHT(P11, LEN(P11)-SEARCH(")",P11)-1) -> 1B | L11: =MID(P11,SEARCH("(",P11)+1,SEARCH(")",P11)-SEARCH("(",P11)-1) -> S | O11: B Baty (L) 3B | P11: N Sogard (S) 1B
B12: 7 | C12: =RIGHT(O12, LEN(O12)-SEARCH(")",O12)-1) -> C | F12: =MID(O12,SEARCH("(",O12)+1,SEARCH(")",O12)-SEARCH("(",O12)-1) -> R | H12: 7 | I12: =RIGHT(P12, LEN(P12)-SEARCH(")",P12)-1) -> 2B | L12: =MID(P12,SEARCH("(",P12)+1,SEARCH(")",P12)-SEARCH("(",P12)-1) -> L | O12: F Alvarez (R) C | P12: D Hamilton (L) 2B
B13: 8 | C13: =RIGHT(O13, LEN(O13)-SEARCH(")",O13)-1) -> 2B | F13: =MID(O13,SEARCH("(",O13)+1,SEARCH(")",O13)-SEARCH("(",O13)-1) -> L | H13: 8 | I13: =RIGHT(P13, LEN(P13)-SEARCH(")",P13)-1) -> C | L13: =MID(P13,SEARCH("(",P13)+1,SEARCH(")",P13)-SEARCH("(",P13)-1) -> R | O13: J McNeil (L) 2B | P13: C Narváez (R) C
B14: 9 | C14: =RIGHT(O14, LEN(O14)-SEARCH(")",O14)-1) -> CF | F14: =MID(O14,SEARCH("(",O14)+1,SEARCH(")",O14)-SEARCH("(",O14)-1) -> R | H14: 9 | I14: =RIGHT(P14, LEN(P14)-SEARCH(")",P14)-1) -> CF | L14: =MID(P14,SEARCH("(",P14)+1,SEARCH(")",P14)-SEARCH("(",P14)-1) -> R | O14: T Taylor (R) CF | P14: C Rafaela (R) CF

Sheet 守備
B1: =スタメン!B2 -> ペトコ・パーク
B2: =スタメン!B3 -> ピッツバーグ・パイレーツ | N2: =スタメン!H3 -> サンディエゴ・パドレス
D5: CF | E5: =IF(COUNTIF(スタメン!C4:C14,"CF")=1,IF(ISBLANK(OFFSET(スタメン!D4,MATCH("CF",スタメン!C4:C14,0)-1,0)),"",OFFSET(スタメン!D4,MATCH("CF",スタメン!C4:C14,0)-1,0)),"") | P5: CF | Q5: =IF(COUNTIF(スタメン!I4:I14,"CF")=1,IF(ISBLANK(OFFSET(スタメン!J4,MATCH("CF",スタメン!I4:I14,0)-1,0)),"",OFFSET(スタメン!J4,MATCH("CF",スタメン!I4:I14,0)-1,0)),"")
E6: =IF(COUNTIF(スタメン!C4:C14,"CF")=1,IF(ISBLANK(OFFSET(スタメン!E4,MATCH("CF",スタメン!C4:C14,0)-1,0)),"",OFFSET(スタメン!E4,MATCH("CF",スタメン!C4:C14,0)-1,0)),"") | P6: =IF(COUNTIF(スタメン!I4:I14,"CF")=1,IF(ISBLANK(OFFSET(スタメン!K4,MATCH("CF",スタメン!I4:I14,0)-1,0)),"",OFFSET(スタメン!K4,MATCH("CF",スタメン!I4:I14,0)-1,0)),"")
A7: LF | B7: =IF(COUNTIF(スタメン!C4:C14,"LF")=1,IF(ISBLANK(OFFSET(スタメン!D4,MATCH("LF",スタメン!C4:C14,0)-1,0)),"",OFFSET(スタメン!D4,MATCH("LF",スタメン!C4:C14,0)-1,0)),"") | H7: RF | I7: =IF(COUNTIF(スタメン!C4:C14,"RF")=1,IF(ISBLANK(OFFSET(スタメン!D4,MATCH("RF",スタメン!C4:C14,0)-1,0)),"",OFFSET(スタメン!D4,MATCH("RF",スタメン!C4:C14,0)-1,0)),"") | M7: LF | N7: =IF(COUNTIF(スタメン!I4:I14,"LF")=1,IF(ISBLANK(OFFSET(スタメン!J4,MATCH("LF",スタメン!I4:I14,0)-1,0)),"",OFFSET(スタメン!J4,MATCH("LF",スタメン!I4:I14,0)-1,0)),"") | T7: RF | U7: =IF(COUNTIF(スタメン!I4:I14,"RF")=1,IF(ISBLANK(OFFSET(スタメン!J4,MATCH("RF",スタメン!I4:I14,0)-1,0)),"",OFFSET(スタメン!J4,MATCH("RF",スタメン!I4:I14,0)-1,0)),"")
A8: =IF(COUNTIF(スタメン!C4:C14,"LF")=1,IF(ISBLANK(OFFSET(スタメン!E4,MATCH("LF",スタメン!C4:C14,0)-1,0)),"",OFFSET(スタメン!E4,MATCH("LF",スタメン!C4:C14,0)-1,0)),"") | H8: =IF(COUNTIF(スタメン!C4:C14,"RF")=1,IF(ISBLANK(OFFSET(スタメン!E4,MATCH("RF",スタメン!C4:C14,0)-1,0)),"",OFFSET(スタメン!E4,MATCH("RF",スタメン!C4:C14,0)-1,0)),"") | M8: =IF(COUNTIF(スタメン!I4:I14,"LF")=1,IF(ISBLANK(OFFSET(スタメン!K4,MATCH("LF",スタメン!I4:I14,0)-1,0)),"",OFFSET(スタメン!K4,MATCH("LF",スタメン!I4:I14,0)-1,0)),"") | T8: =IF(COUNTIF(スタメン!I4:I14,"RF")=1,IF(ISBLANK(OFFSET(スタメン!K4,MATCH("RF",スタメン!I4:I14,0)-1,0)),"",OFFSET(スタメン!K4,MATCH("RF",スタメン!I4:I14,0)-1,0)),"")
B11: SS | C11: =IF(COUNTIF(スタメン!C4:C14,"SS")=1,IF(ISBLANK(OFFSET(スタメン!D4,MATCH("SS",スタメン!C4:C14,0)-1,0)),"",OFFSET(スタメン!D4,MATCH("SS",スタメン!C4:C14,0)-1,0)),"") | G11: 2B | H11: =IF(COUNTIF(スタメン!C4:C14,"2B")=1,IF(ISBLANK(OFFSET(スタメン!D4,MATCH("2B",スタメン!C4:C14,0)-1,0)),"",OFFSET(スタメン!D4,MATCH("2B",スタメン!C4:C14,0)-1,0)),"") | N11: SS | O11: =IF(COUNTIF(スタメン!I4:I14,"SS")=1,IF(ISBLANK(OFFSET(スタメン!J4,MATCH("SS",スタメン!I4:I14,0)-1,0)),"",OFFSET(スタメン!J4,MATCH("SS",スタメン!I4:I14,0)-1,0)),"") | S11: 2B | T11: =IF(COUNTIF(スタメン!I4:I14,"2B")=1,IF(ISBLANK(OFFSET(スタメン!J4,MATCH("2B",スタメン!I4:I14,0)-1,0)),"",OFFSET(スタメン!J4,MATCH("2B",スタメン!I4:I14,0)-1,0)),"")
B12: =IF(COUNTIF(スタメン!C4:C14,"SS")=1,IF(ISBLANK(OFFSET(スタメン!E4,MATCH("SS",スタメン!C4:C14,0)-1,0)),"",OFFSET(スタメン!E4,MATCH("SS",スタメン!C4:C14,0)-1,0)),"") | G12: =IF(COUNTIF(スタメン!C4:C14,"2B")=1,IF(ISBLANK(OFFSET(スタメン!E4,MATCH("2B",スタメン!C4:C14,0)-1,0)),"",OFFSET(スタメン!E4,MATCH("2B",スタメン!C4:C14,0)-1,0)),"") | N12: =IF(COUNTIF(スタメン!I4:I14,"SS")=1,IF(ISBLANK(OFFSET(スタメン!K4,MATCH("SS",スタメン!I4:I14,0)-1,0)),"",OFFSET(スタメン!K4,MATCH("SS",スタメン!I4:I14,0)-1,0)),"") | S12: =IF(COUNTIF(スタメン!I4:I14,"2B")=1,IF(ISBLANK(OFFSET(スタメン!K4,MATCH("2B",スタメン!I4:I14,0)-1,0)),"",OFFSET(スタメン!K4,MATCH("2B",スタメン!I4:I14,0)-1,0)),"")
A14: 3B | B14: =IF(COUNTIF(スタメン!C4:C14,"3B")=1,IF(ISBLANK(OFFSET(スタメン!D4,MATCH("3B",スタメン!C4:C14,0)-1,0)),"",OFFSET(スタメン!D4,MATCH("3B",スタメン!C4:C14,0)-1,0)),"") | H14: 1B | I14: =IF(COUNTIF(スタメン!C4:C14,"1B")=1,IF(ISBLANK(OFFSET(スタメン!D4,MATCH("1B",スタメン!C4:C14,0)-1,0)),"",OFFSET(スタメン!D4,MATCH("1B",スタメン!C4:C14,0)-1,0)),"") | M14: 3B | N14: =IF(COUNTIF(スタメン!I4:I14,"3B")=1,IF(ISBLANK(OFFSET(スタメン!J4,MATCH("3B",スタメン!I4:I51,0)-1,0)),"",OFFSET(スタメン!J4,MATCH("3B",スタメン!I4:I14,0)-1,0)),"") | T14: 1B | U14: =IF(COUNTIF(スタメン!I4:I14,"1B")=1,IF(ISBLANK(OFFSET(スタメン!J4,MATCH("1B",スタメン!I4:I14,0)-1,0)),"",OFFSET(スタメン!J4,MATCH("1B",スタメン!I4:I14,0)-1,0)),"")
A15: =IF(COUNTIF(スタメン!C4:C14,"3B")=1,IF(ISBLANK(OFFSET(スタメン!E4,MATCH("3B",スタメン!C4:C14,0)-1,0)),"",OFFSET(スタメン!E4,MATCH("3B",スタメン!C4:C14,0)-1,0)),"") | H15: =IF(COUNTIF(スタメン!C4:C14,"1B")=1,IF(ISBLANK(OFFSET(スタメン!E4,MATCH("1B",スタメン!C4:C14,0)-1,0)),"",OFFSET(スタメン!E4,MATCH("1B",スタメン!C4:C14,0)-1,0)),"") | M15: =IF(COUNTIF(スタメン!I4:I14,"3B")=1,IF(ISBLANK(OFFSET(スタメン!K4,MATCH("3B",スタメン!I4:I51,0)-1,0)),"",OFFSET(スタメン!K4,MATCH("3B",スタメン!I4:I14,0)-1,0)),"") | T15: =IF(COUNTIF(スタメン!I4:I14,"1B")=1,IF(ISBLANK(OFFSET(スタメン!K4,MATCH("1B",スタメン!I4:I14,0)-1,0)),"",OFFSET(スタメン!K4,MATCH("1B",スタメン!I4:I14,0)-1,0)),"")
D17: P | E17: =スタメン!D4 -> 45 | P17: P | Q17: =スタメン!J4 -> 98
D18: =スタメン!E4 -> アンドリュー・ヒーニー | P18: =スタメン!K4 -> ランディ・バスケス
D22: C | E22: =IF(COUNTIF(スタメン!C4:C14,"C")=1,IF(ISBLANK(OFFSET(スタメン!D4,MATCH("C",スタメン!C4:C14,0)-1,0)),"",OFFSET(スタメン!D4,MATCH("C",スタメン!C4:C14,0)-1,0)),"") | P22: C | Q22: =IF(COUNTIF(スタメン!I4:I14,"C")=1,IF(ISBLANK(OFFSET(スタメン!J4,MATCH("C",スタメン!I4:I14,0)-1,0)),"",OFFSET(スタメン!J4,MATCH("C",スタメン!I4:I14,0)-1,0)),"")
D23: =IF(COUNTIF(スタメン!C4:C14,"C")=1,IF(ISBLANK(OFFSET(スタメン!E4,MATCH("C",スタメン!C4:C14,0)-1,0)),"",OFFSET(スタメン!E4,MATCH("C",スタメン!C4:C14,0)-1,0)),"") | P23: =IF(COUNTIF(スタメン!I4:I14,"C")=1,IF(ISBLANK(OFFSET(スタメン!K4,MATCH("C",スタメン!I4:I14,0)-1,0)),"",OFFSET(スタメン!K4,MATCH("C",スタメン!I4:I14,0)-1,0)),"")
A25: DH | B25: =IF(COUNTIF(スタメン!C4:C14,"DH")=1,IF(ISBLANK(OFFSET(スタメン!D4,MATCH("DH",スタメン!C4:C14,0)-1,0)),"",OFFSET(スタメン!D4,MATCH("DH",スタメン!C4:C14,0)-1,0)),"") | C25: =IF(COUNTIF(スタメン!C4:C14,"DH")=1,IF(ISBLANK(OFFSET(スタメン!E4,MATCH("DH",スタメン!C4:C14,0)-1,0)),"",OFFSET(スタメン!E4,MATCH("DH",スタメン!C4:C14,0)-1,0)),"") | M25: DH | N25: =IF(COUNTIF(スタメン!I4:I14,"DH")=1,IF(ISBLANK(OFFSET(スタメン!J4,MATCH("DH",スタメン!I4:I14,0)-1,0)),"",OFFSET(スタメン!J4,MATCH("DH",スタメン!I4:I14,0)-1,0)),"") | O25: =IF(COUNTIF(スタメン!I4:I14,"DH")=1,IF(ISBLANK(OFFSET(スタメン!K4,MATCH("DH",スタメン!I4:I14,0)-1,0)),"",OFFSET(スタメン!K4,MATCH("DH",スタメン!I4:I14,0)-1,0)),"")

Sheet 表
A1: 表
B2: 攻 | C2: =スタメン!B3 -> ピッツバーグ・パイレーツ | I2: 守 | J2: =スタメン!H3 -> サンディエゴ・パドレス
C4: P | D4: =スタメン!D4 -> 45 | E4: =スタメン!E4 -> アンドリュー・ヒーニー | F4: =スタメン!F4 -> L
K5: CF | L5: =IF(COUNTIF(スタメン!I4:I14,"CF")=1,IF(ISBLANK(OFFSET(スタメン!J4,MATCH("CF",スタメン!I4:I14,0)-1,0)),"",OFFSET(スタメン!J4,MATCH("CF",スタメン!I4:I14,0)-1,0)),"")
B6: 1 | C6: =スタメン!C6 -> SS | D6: =スタメン!D6 -> 0 | E6: =スタメン!E6 -> 0 | F6: =スタメン!F6 -> S | K6: =IF(COUNTIF(スタメン!I4:I14,"CF")=1,IF(ISBLANK(OFFSET(スタメン!K4,MATCH("CF",スタメン!I4:I14,0)-1,0)),"",OFFSET(スタメン!K4,MATCH("CF",スタメン!I4:I14,0)-1,0)),"")
H7: LF | I7: =IF(COUNTIF(スタメン!I4:I14,"LF")=1,IF(ISBLANK(OFFSET(スタメン!J4,MATCH("LF",スタメン!I4:I14,0)-1,0)),"",OFFSET(スタメン!J4,MATCH("LF",スタメン!I4:I14,0)-1,0)),"") | O7: RF | P7: =IF(COUNTIF(スタメン!I4:I14,"RF")=1,IF(ISBLANK(OFFSET(スタメン!J4,MATCH("RF",スタメン!I4:I14,0)-1,0)),"",OFFSET(スタメン!J4,MATCH("RF",スタメン!I4:I14,0)-1,0)),"")
B8: 2 | C8: =スタメン!C7 -> RF | D8: =スタメン!D7 -> 0 | E8: =スタメン!E7 -> 0 | F8: =スタメン!F7 -> L | H8: =IF(COUNTIF(スタメン!I4:I14,"LF")=1,IF(ISBLANK(OFFSET(スタメン!K4,MATCH("LF",スタメン!I4:I14,0)-1,0)),"",OFFSET(スタメン!K4,MATCH("LF",スタメン!I4:I14,0)-1,0)),"") | O8: =IF(COUNTIF(スタメン!I4:I14,"RF")=1,IF(ISBLANK(OFFSET(スタメン!K4,MATCH("RF",スタメン!I4:I14,0)-1,0)),"",OFFSET(スタメン!K4,MATCH("RF",スタメン!I4:I14,0)-1,0)),"")
B10: 3 | C10: =スタメン!C8 -> 1B | D10: =スタメン!D8 -> 0 | E10: =スタメン!E8 -> 0 | F10: =スタメン!F8 -> R
I11: SS | J11: =IF(COUNTIF(スタメン!I4:I14,"SS")=1,IF(ISBLANK(OFFSET(スタメン!J4,MATCH("SS",スタメン!I4:I14,0)-1,0)),"",OFFSET(スタメン!J4,MATCH("SS",スタメン!I4:I14,0)-1,0)),"") | N11: 2B | O11: =IF(COUNTIF(スタメン!I4:I14,"2B")=1,IF(ISBLANK(OFFSET(スタメン!J4,MATCH("2B",スタメン!I4:I14,0)-1,0)),"",OFFSET(スタメン!J4,MATCH("2B",スタメン!I4:I14,0)-1,0)),"")
B12: 4 | C12: =スタメン!C9 -> LF | D12: =スタメン!D9 -> 0 | E12: =スタメン!E9 -> 0 | F12: =スタメン!F9 -> L | I12: =IF(COUNTIF(スタメン!I4:I14,"SS")=1,IF(ISBLANK(OFFSET(スタメン!K4,MATCH("SS",スタメン!I4:I14,0)-1,0)),"",OFFSET(スタメン!K4,MATCH("SS",スタメン!I4:I14,0)-1,0)),"") | N12: =IF(COUNTIF(スタメン!I4:I14,"2B")=1,IF(ISBLANK(OFFSET(スタメン!K4,MATCH("2B",スタメン!I4:I14,0)-1,0)),"",OFFSET(スタメン!K4,MATCH("2B",スタメン!I4:I14,0)-1,0)),"")
B14: 5 | C14: =スタメン!C10 -> DH | D14: =スタメン!D10 -> 0 | E14: =スタメン!E10 -> 0 | F14: =スタメン!F10 -> R | H14: 3B | I14: =IF(COUNTIF(スタメン!I4:I14,"3B")=1,IF(ISBLANK(OFFSET(スタメン!J4,MATCH("3B",スタメン!I4:I51,0)-1,0)),"",OFFSET(スタメン!J4,MATCH("3B",スタメン!I4:I14,0)-1,0)),"") | O14: 1B | P14: =IF(COUNTIF(スタメン!I4:I14,"1B")=1,IF(ISBLANK(OFFSET(スタメン!J4,MATCH("1B",スタメン!I4:I14,0)-1,0)),"",OFFSET(スタメン!J4,MATCH("1B",スタメン!I4:I14,0)-1,0)),"")
H15: =IF(COUNTIF(スタメン!I4:I14,"3B")=1,IF(ISBLANK(OFFSET(スタメン!K4,MATCH("3B",スタメン!I4:I51,0)-1,0)),"",OFFSET(スタメン!K4,MATCH("3B",スタメン!I4:I14,0)-1,0)),"") | O15: =IF(COUNTIF(スタメン!I4:I14,"1B")=1,IF(ISBLANK(OFFSET(スタメン!K4,MATCH("1B",スタメン!I4:I14,0)-1,0)),"",OFFSET(スタメン!K4,MATCH("1B",スタメン!I4:I14,0)-1,0)),"")
B16: 6 | C16: =スタメン!C11 -> 3B | D16: =スタメン!D11 -> 0 | E16: =スタメン!E11 -> 0 | F16: =スタメン!F11 -> L
K17: P | L17: =スタメン!J4 -> 98
B18: 7 | C18: =スタメン!C12 -> C | D18: =スタメン!D12 -> 0 | E18: =スタメン!E12 -> 0 | F18: =スタメン!F12 -> R | K18: =スタメン!K4 -> ランディ・バスケス
B20: 8 | C20: =スタメン!C13 -> 2B | D20: =スタメン!D13 -> 0 | E20: =スタメン!E13 -> 0 | F20: =スタメン!F13 -> L
B22: 9 | C22: =スタメン!C14 -> CF | D22: =スタメン!D14 -> 0 | E22: =スタメン!E14 -> 0 | F22: =スタメン!F14 -> R | K22: C | L22: =IF(COUNTIF(スタメン!I4:I14,"C")=1,IF(ISBLANK(OFFSET(スタメン!J4,MATCH("C",スタメン!I4:I14,0)-1,0)),"",OFFSET(スタメン!J4,MATCH("C",スタメン!I4:I14,0)-1,0)),"")
K23: =IF(COUNTIF(スタメン!I4:I14,"C")=1,IF(ISBLANK(OFFSET(スタメン!K4,MATCH("C",スタメン!I4:I14,0)-1,0)),"",OFFSET(スタメン!K4,MATCH("C",スタメン!I4:I14,0)-1,0)),"")
H25: DH | I25: =IF(COUNTIF(スタメン!I4:I14,"DH")=1,IF(ISBLANK(OFFSET(スタメン!J4,MATCH("DH",スタメン!I4:I14,0)-1,0)),"",OFFSET(スタメン!J4,MATCH("DH",スタメン!I4:I14,0)-1,0)),"") | J25: =IF(COUNTIF(スタメン!I4:I14,"DH")=1,IF(ISBLANK(OFFSET(スタメン!K4,MATCH("DH",スタメン!I4:I14,0)-1,0)),"",OFFSET(スタメン!K4,MATCH("DH",スタメン!I4:I14,0)-1,0)),"")

Sheet 裏
A1: ウラ
B2: 守 | C2: =スタメン!B3 -> ピッツバーグ・パイレーツ | M2: 攻 | N2: =スタメン!H3 -> サンディエゴ・パドレス
N4: P | O4: =スタメン!J4 -> 98 | P4: =スタメン!K4 -> ランディ・バスケス | Q4: =スタメン!L4 -> R
D5: CF | E5: =IF(COUNTIF(スタメン!C4:C14,"CF")=1,IF(ISBLANK(OFFSET(スタメン!D4,MATCH("CF",スタメン!C4:C14,0)-1,0)),"",OFFSET(スタメン!D4,MATCH("CF",スタメン!C4:C14,0)-1,0)),"")
D6: =IF(COUNTIF(スタメン!C4:C14,"CF")=1,IF(ISBLANK(OFFSET(スタメン!E4,MATCH("CF",スタメン!C4:C14,0)-1,0)),"",OFFSET(スタメン!E4,MATCH("CF",スタメン!C4:C14,0)-1,0)),"") | M6: 1 | N6: =スタメン!I6 -> LF | O6: =スタメン!J6 -> 0 | P6: =スタメン!K6 -> 0 | Q6: =スタメン!L6 -> L
A7: LF | B7: =IF(COUNTIF(スタメン!C4:C14,"LF")=1,IF(ISBLANK(OFFSET(スタメン!D4,MATCH("LF",スタメン!C4:C14,0)-1,0)),"",OFFSET(スタメン!D4,MATCH("LF",スタメン!C4:C14,0)-1,0)),"") | H7: RF | I7: =IF(COUNTIF(スタメン!C4:C14,"RF")=1,IF(ISBLANK(OFFSET(スタメン!D4,MATCH("RF",スタメン!C4:C14,0)-1,0)),"",OFFSET(スタメン!D4,MATCH("RF",スタメン!C4:C14,0)-1,0)),"")
A8: =IF(COUNTIF(スタメン!C4:C14,"LF")=1,IF(ISBLANK(OFFSET(スタメン!E4,MATCH("LF",スタメン!C4:C14,0)-1,0)),"",OFFSET(スタメン!E4,MATCH("LF",スタメン!C4:C14,0)-1,0)),"") | H8: =IF(COUNTIF(スタメン!C4:C14,"RF")=1,IF(ISBLANK(OFFSET(スタメン!E4,MATCH("RF",スタメン!C4:C14,0)-1,0)),"",OFFSET(スタメン!E4,MATCH("RF",スタメン!C4:C14,0)-1,0)),"") | M8: 2 | N8: =スタメン!I7 -> DH | O8: =スタメン!J7 -> 0 | P8: =スタメン!K7 -> 0 | Q8: =スタメン!L7 -> L
M10: 3 | N10: =スタメン!I8 -> 3B | O10: =スタメン!J8 -> 0 | P10: =スタメン!K8 -> 0 | Q10: =スタメン!L8 -> R
B11: SS | C11: =IF(COUNTIF(スタメン!C4:C14,"SS")=1,IF(ISBLANK(OFFSET(スタメン!D4,MATCH("SS",スタメン!C4:C14,0)-1,0)),"",OFFSET(スタメン!D4,MATCH("SS",スタメン!C4:C14,0)-1,0)),"") | G11: 2B | H11: =IF(COUNTIF(スタメン!C4:C14,"2B")=1,IF(ISBLANK(OFFSET(スタメン!D4,MATCH("2B",スタメン!C4:C14,0)-1,0)),"",OFFSET(スタメン!D4,MATCH("2B",スタメン!C4:C14,0)-1,0)),"")
B12: =IF(COUNTIF(スタメン!C4:C14,"SS")=1,IF(ISBLANK(OFFSET(スタメン!E4,MATCH("SS",スタメン!C4:C14,0)-1,0)),"",OFFSET(スタメン!E4,MATCH("SS",スタメン!C4:C14,0)-1,0)),"") | G12: =IF(COUNTIF(スタメン!C4:C14,"2B")=1,IF(ISBLANK(OFFSET(スタメン!E4,MATCH("2B",スタメン!C4:C14,0)-1,0)),"",OFFSET(スタメン!E4,MATCH("2B",スタメン!C4:C14,0)-1,0)),"") | M12: 4 | N12: =スタメン!I9 -> RF | O12: =スタメン!J9 -> 0 | P12: =スタメン!K9 -> 0 | Q12: =スタメン!L9 -> L
A14: 3B | B14: =IF(COUNTIF(スタメン!C4:C14,"3B")=1,IF(ISBLANK(OFFSET(スタメン!D4,MATCH("3B",スタメン!C4:C14,0)-1,0)),"",OFFSET(スタメン!D4,MATCH("3B",スタメン!C4:C14,0)-1,0)),"") | H14: 1B | I14: =IF(COUNTIF(スタメン!C4:C14,"1B")=1,IF(ISBLANK(OFFSET(スタメン!D4,MATCH("1B",スタメン!C4:C14,0)-1,0)),"",OFFSET(スタメン!D4,MATCH("1B",スタメン!C4:C14,0)-1,0)),"") | M14: 5 | N14: =スタメン!I10 -> SS | O14: =スタメン!J10 -> 0 | P14: =スタメン!K10 -> 0 | Q14: =スタメン!L10 -> R
A15: =IF(COUNTIF(スタメン!C4:C14,"3B")=1,IF(ISBLANK(OFFSET(スタメン!E4,MATCH("3B",スタメン!C4:C14,0)-1,0)),"",OFFSET(スタメン!E4,MATCH("3B",スタメン!C4:C14,0)-1,0)),"") | H15: =IF(COUNTIF(スタメン!C4:C14,"1B")=1,IF(ISBLANK(OFFSET(スタメン!E4,MATCH("1B",スタメン!C4:C14,0)-1,0)),"",OFFSET(スタメン!E4,MATCH("1B",スタメン!C4:C14,0)-1,0)),"")
M16: 6 | N16: =スタメン!I11 -> 1B | O16: =スタメン!J11 -> 0 | P16: =スタメン!K11 -> 0 | Q16: =スタメン!L11 -> S
D17: P | E17: =スタメン!D4 -> 45
D18: =スタメン!E4 -> アンドリュー・ヒーニー | M18: 7 | N18: =スタメン!I12 -> 2B | O18: =スタメン!J12 -> 0 | P18: =スタメン!K12 -> 0 | Q18: =スタメン!L12 -> L
M20: 8 | N20: =スタメン!I13 -> C | O20: =スタメン!J13 -> 0 | P20: =スタメン!K13 -> 0 | Q20: =スタメン!L13 -> R
D22: C | E22: =IF(COUNTIF(スタメン!C4:C14,"C")=1,IF(ISBLANK(OFFSET(スタメン!D4,MATCH("C",スタメン!C4:C14,0)-1,0)),"",OFFSET(スタメン!D4,MATCH("C",スタメン!C4:C14,0)-1,0)),"") | M22: 9 | N22: =スタメン!I14 -> CF | O22: =スタメン!J14 -> 0 | P22: =スタメン!K14 -> 0 | Q22: =スタメン!L14 -> R
D23: =IF(COUNTIF(スタメン!C4:C14,"C")=1,IF(ISBLANK(OFFSET(スタメン!E4,MATCH("C",スタメン!C4:C14,0)-1,0)),"",OFFSET(スタメン!E4,MATCH("C",スタメン!C4:C14,0)-1,0)),"")
A25: DH | B25: =IF(COUNTIF(スタメン!C4:C14,"DH")=1,IF(ISBLANK(OFFSET(スタメン!D4,MATCH("DH",スタメン!C4:C14,0)-1,0)),"",OFFSET(スタメン!D4,MATCH("DH",スタメン!C4:C14,0)-1,0)),"") | C25: =IF(COUNTIF(スタメン!C4:C14,"DH")=1,IF(ISBLANK(OFFSET(スタメン!E4,MATCH("DH",スタメン!C4:C14,0)-1,0)),"",OFFSET(スタメン!E4,MATCH("DH",スタメン!C4:C14,0)-1,0)),"")

Sheet スタメン制作CG分
C1: =スタメン!B1 -> 6/1 5:10pm ET.
C2: =スタメン!B2 -> ペトコ・パーク
C3: =スタメン!B3 -> ピッツバーグ・パイレーツ | L3: =スタメン!H3 -> サンディエゴ・パドレス
D4: P | E4: =スタメン!D4 -> 45 | F4: =スタメン!E4 -> アンドリュー・ヒーニー | J4: =スタメン!F4 -> L | M4: P | N4: =スタメン!J4 -> 98 | O4: =スタメン!K4 -> ランディ・バスケス | S4: =スタメン!L4 -> R
C6: 1 | D6: =スタメン!C6 -> SS | E6: =スタメン!D6 -> 0 | F6: =スタメン!E6 -> 0 | J6: =スタメン!F6 -> S | L6: 1 | M6: =スタメン!I6 -> LF | N6: =スタメン!J6 -> 0 | O6: =スタメン!K6 -> 0 | S6: =スタメン!L6 -> L
C7: 2 | D7: =スタメン!C7 -> RF | E7: =スタメン!D7 -> 0 | F7: =スタメン!E7 -> 0 | J7: =スタメン!F7 -> L | L7: 2 | M7: =スタメン!I7 -> DH | N7: =スタメン!J7 -> 0 | O7: =スタメン!K7 -> 0 | S7: =スタメン!L7 -> L
C8: 3 | D8: =スタメン!C8 -> 1B | E8: =スタメン!D8 -> 0 | F8: =スタメン!E8 -> 0 | J8: =スタメン!F8 -> R | L8: 3 | M8: =スタメン!I8 -> 3B | N8: =スタメン!J8 -> 0 | O8: =スタメン!K8 -> 0 | S8: =スタメン!L8 -> R
C9: 4 | D9: =スタメン!C9 -> LF | E9: =スタメン!D9 -> 0 | F9: =スタメン!E9 -> 0 | J9: =スタメン!F9 -> L | L9: 4 | M9: =スタメン!I9 -> RF | N9: =スタメン!J9 -> 0 | O9: =スタメン!K9 -> 0 | S9: =スタメン!L9 -> L
C10: 5 | D10: =スタメン!C10 -> DH | E10: =スタメン!D10 -> 0 | F10: =スタメン!E10 -> 0 | J10: =スタメン!F10 -> R | L10: 5 | M10: =スタメン!I10 -> SS | N10: =スタメン!J10 -> 0 | O10: =スタメン!K10 -> 0 | S10: =スタメン!L10 -> R
C11: 6 | D11: =スタメン!C11 -> 3B | E11: =スタメン!D11 -> 0 | F11: =スタメン!E11 -> 0 | J11: =スタメン!F11 -> L | L11: 6 | M11: =スタメン!I11 -> 1B | N11: =スタメン!J11 -> 0 | O11: =スタメン!K11 -> 0 | S11: =スタメン!L11 -> S
C12: 7 | D12: =スタメン!C12 -> C | E12: =スタメン!D12 -> 0 | F12: =スタメン!E12 -> 0 | J12: =スタメン!F12 -> R | L12: 7 | M12: =スタメン!I12 -> 2B | N12: =スタメン!J12 -> 0 | O12: =スタメン!K12 -> 0 | S12: =スタメン!L12 -> L
C13: 8 | D13: =スタメン!C13 -> 2B | E13: =スタメン!D13 -> 0 | F13: =スタメン!E13 -> 0 | J13: =スタメン!F13 -> L | L13: 8 | M13: =スタメン!I13 -> C | N13: =スタメン!J13 -> 0 | O13: =スタメン!K13 -> 0 | S13: =スタメン!L13 -> R
C14: 9 | D14: =スタメン!C14 -> CF | E14: =スタメン!D14 -> 0 | F14: =スタメン!E14 -> 0 | J14: =スタメン!F14 -> R | L14: 9 | M14: =スタメン!I14 -> CF | N14: =スタメン!J14 -> 0 | O14: =スタメン!K14 -> 0 | S14: =スタメン!L14 -> R

Sheet date
A1: ニューヨーク・ヤンキース | B1: P | C1: 計算式
A2: ボストン・レッドソックス | B2: C
A3: トロント・ブルージェイズ | B3: 1B | C3: 身長 | D3: 6 | E3: フィート | F3: 3 | G3: インチ | H3: → | I3: =SUM(D3*30.48+F3*2.54) -> 190.5 | J3: cm
A4: ボルティモア・オリオールズ | B4: 2B
A5: タンパベイ・レイズ | B5: 3B | C5: 体重 | D5: 225 | E5: ポンド | H5: → | I5: =SUM(D5*0.45359237) -> 102.05828 | J5: kg
A6: デトロイト・タイガース | B6: SS
A7: ミネソタ・ツインズ | B7: RF
A8: シカゴ・ホワイトソックス | B8: CF
A9: クリーブランド・インディアンス | B9: LF
A10: カンザスシティ・ロイヤルズ | B10: DH
A11: オークランド・アスレチックス | B11: L
A12: ロサンゼルス・エンゼルス | B12: R
A13: シアトル・マリナーズ | B13: S
A14: テキサス・レンジャーズ
A15: ヒューストン・アストロズ
A16: アトランタ・ブレーブス
A17: ワシントン・ナショナルズ
A18: フィラデルフィア・フィリーズ
A19: マイアミ・マーリンズ
A20: ニューヨーク・メッツ
A21: セントルイス・カージナルス
A22: シンシナティ・レッズ
A23: ピッツバーグ・パイレーツ
A24: シカゴ・カブス
A25: ミルウォーキー・ブリュワーズ
... A31: LGツインズ
